[
    
    {
        "name":"abhi",
        "id":1,
        "image":"https://cdn.pixabay.com/photo/2023/06/12/01/22/lotus-8057438_640.jpg"

    },
    {
        "name":"naitik",
        "id":2,
        "image":"https://cdn.pixabay.com/photo/2023/06/12/01/22/lotus-8057438_640.jpg"

    },
    {
        "name":"rumit",
        "id":3,
        "image":"https://cdn.pixabay.com/photo/2023/06/12/01/22/lotus-8057438_640.jpg"

    },
    {
        "name":"anu",
        "id":4,
        "image":"https://cdn.pixabay.com/photo/2023/06/12/01/22/lotus-8057438_640.jpg"

    },
    {
        "name":"vanita",
        "id":5,
        "image":"https://cdn.pixabay.com/photo/2023/06/12/01/22/lotus-8057438_640.jpg"

    }


]

